Player,First_Year,Last_Year,Years_Active,First_Style,Last_Style,Power_Change,Rally_Length_Change,Adaptability_Change
Amanda Anisimova,2017,2025,9,All-Court Player,Power Hitter,0.217,-0.611,-0.115
Aryna Sabalenka,2016,2025,10,Aggressive Baseliner,Aggressive Baseliner,0.027,0.155,0.022
Clara Tauson,2019,2025,7,Counter Puncher,Power Hitter,0.126,-1.05,-0.206
Coco Gauff,2019,2025,7,Defender,Defender,0.106,-0.302,-0.044
Ekaterina Alexandrova,2016,2025,10,Power Hitter,Aggressive Baseliner,0.13,0.408,-0.158
Elena Rybakina,2018,2025,8,Defender,All-Court Player,0.251,-0.326,0.064
Elina Svitolina,2013,2025,13,Defender,All-Court Player,0.069,0.488,0.005
Emma Navarro,2021,2025,5,Defender,Defender,0.128,-1.53,-0.05
Iga Swiatek,2018,2025,8,Aggressive Baseliner,Aggressive Baseliner,-0.026,0.359,-0.031
Jasmine Paolini,2016,2025,8,Defender,All-Court Player,-0.121,-0.8,-0.147
Jessica Pegula,2015,2025,10,All-Court Player,All-Court Player,0.21,0.411,0.074
Karolina Muchova,2018,2025,8,Counter Puncher,Power Hitter,0.234,-0.467,-0.235
Madison Keys,2014,2025,12,All-Court Player,Power Hitter,0.285,-0.097,-0.17
Mirra Andreeva,2022,2025,4,Counter Puncher,All-Court Player,0.063,-1.252,-0.07
Paula Badosa,2015,2025,8,Baseline Grinder,Aggressive Baseliner,-0.045,0.5,0.209
Qinwen Zheng,2021,2025,5,All-Court Player,All-Court Player,0.314,0.7,-0.165
Tatjana Maria,2015,2025,9,Baseline Grinder,Baseline Grinder,0.094,-0.367,-0.113
